Data,Graph,full,multi,paired1,paired2,Number of maximum recursion depth,Number of maximum Transcripts/Gene,opt,Norm,Sparsity Constraint,Lambda,Mu,flowOptimization,CostFunctionIndex,maxAdditionalEdgeCount,Mode of Backtrack,Name of gtfFile,Name of csv-Resultfile,Name of jsonFile,Time,Number of Transcripts without Optimization,Number of Transcripts with Optimization,Number of genes with 0 Transcripts with Optimization,Average number of transcripts/gene without Optimization,Standard deviation of transcripts/gene without Optimization,Average number of transcripts/gene with Optimization,Standard deviation of transcripts/gene with Optimization,Average transcript size without Optimization,Standard deviation of transcriptSize without Optimization,Average transcript size with Optimization,Standard deviation of transcriptSize with Optimization,Average number of exons/Gene,Standard deviation of exons/Gene,Number of single Exon transcripts without Optimization,Number of single Exon transcripts with Optimization,Number of total Genes,Number of Genes exceeding maxTranscripts,Number of Genes exceeding maxRecursion,Number of Genes exceeding maxPairedBins,True positives,False positives,Total positives,False negatives,Total Transcripts of ReferenceGTF,Sensitivity on IntronChainLevel,Precision on IntronChainLevel,Fuzzy Sensitivity on IntronChainLevel,Fuzzy Precision on IntronChainLevel,Fraction exceeding Transcripts
../Data/Human_Geauvadis_simulated/human_geuvadis_simulated_5sets.graph,cleaned,1,0,0,0,276,10000,1,2,-1,None,-1,0,-1,None,None,transcripts.gtf,../Results/resultsWP2_norm2.csv,None,1312.282,97597,38103,647,4.489075939469205,34.74267255152945,1.8063430359343888,1.6882906408836118,15.067411381592995,11.63484679187604,10.118678319292444,9.344754009652837,17.85267466997838,20.5825297220564,19,19,21741,0,0,0,16282,20848,37130,100686,116968,15.1,43.9,90.0,100.0,0.0
../Data/Human_Geauvadis_simulated/human_geuvadis_simulated_5sets.graph,cleaned,1,0,0,0,276,10000,1,2,1,1,-1,0,-1,None,None,transcripts.gtf,../Results/resultsWP2_norm2.csv,None,1077.106,97597,38091,648,4.489075939469205,34.74267255152945,1.8058597639027163,1.6893705538048334,14.880015919196357,11.732185361035926,10.124045050011814,9.387891084050988,17.85267466997838,20.5825297220564,19,19,21741,0,0,0,16235,20861,37096,100733,116968,15.0,43.8,89.3,100.0,0.0
../Data/Human_Geauvadis_simulated/human_geuvadis_simulated_5sets.graph,cleaned,1,0,0,0,276,10000,1,2,1,5,-1,0,-1,None,None,transcripts.gtf,../Results/resultsWP2_norm2.csv,None,1053.89,97597,38069,647,4.489075939469205,34.74267255152945,1.80473120318574,1.6708290293104957,15.067411381592995,11.63484679187604,10.102182878457535,9.358406134757798,17.85267466997838,20.5825297220564,19,19,21741,0,0,0,16235,20841,37076,100733,116968,15.0,43.8,89.3,100.0,0.0
../Data/Human_Geauvadis_simulated/human_geuvadis_simulated_5sets.graph,cleaned,1,0,0,0,276,10000,1,2,0,1,-1,0,-1,None,None,transcripts.gtf,../Results/resultsWP2_norm2.csv,None,1246.992,97597,37898,648,4.489075939469205,34.74267255152945,1.796709808941355,1.6779983715798652,15.067929982334991,11.650102707873137,10.041690854398649,9.272989819746089,17.85267466997838,20.5825297220564,19,19,21741,0,0,0,16095,20849,36944,100873,116968,14.9,43.6,89.4,100.0,0.0
../Data/Human_Geauvadis_simulated/human_geuvadis_simulated_5sets.graph,cleaned,1,0,0,0,276,10000,1,2,0,5,-1,0,-1,None,None,transcripts.gtf,../Results/resultsWP2_norm2.csv,None,1341.406,97597,37501,650,4.489075939469205,34.74267255152945,1.778056991133659,1.600528670000756,14.88975519328281,11.637156856703728,9.992720194128156,9.244799637436529,17.85267466997838,20.5825297220564,19,19,21741,0,0,0,16048,20511,36559,100920,116968,14.9,43.9,86.9,100.0,0.0
../Data/Human_Leukemia_Real/human_leukemia_real_5sets.graph,cleaned,1,0,0,0,307,10000,1,2,1,1,-1,0,-1,None,None,transcripts.gtf,../Results/resultsWP2_norm2.csv,None,472.065,147295,13024,768,17.394307982994803,229.47939046176725,1.6914285714285715,1.7088674199321636,19.94377660186357,13.3672279857417,10.304668304668304,9.769103817691526,19.50979466603729,23.29030477675652,12,12,8474,6,0,0,3408,9182,12590,223403,226811,1.7,27.1,18.5,100.0,0.07080481472740147
../Data/Human_Leukemia_Real/human_leukemia_real_5sets.graph,cleaned,1,0,0,0,307,10000,1,2,1,5,-1,0,-1,None,None,transcripts.gtf,../Results/resultsWP2_norm2.csv,None,462.177,147295,13003,768,17.394307982994803,229.47939046176725,1.6887012987012986,1.6809723021609138,19.94377660186357,13.3672279857417,10.27255248788741,9.723559726273985,19.50979466603729,23.29030477675652,12,12,8474,6,0,0,3405,9164,12569,223406,226811,1.7,27.1,18.4,100.0,0.07080481472740147
../Data/Human_Leukemia_Real/human_leukemia_real_5sets.graph,cleaned,1,0,0,0,307,10000,1,2,1,10,-1,0,-1,None,None,transcripts.gtf,../Results/resultsWP2_norm2.csv,None,463.597,147295,12987,768,17.394307982994803,229.47939046176725,1.6866233766233767,1.7683343551072075,19.94377660186357,13.3672279857417,10.406483406483408,9.861184886053818,19.50979466603729,23.29030477675652,12,12,8474,6,0,0,3392,9158,12550,223419,226811,1.7,27.0,18.9,100.0,0.07080481472740147
../Data/Human_Leukemia_Real/human_leukemia_real_5sets.graph,cleaned,1,0,0,0,307,10000,1,2,0,1,-1,0,-1,None,None,transcripts.gtf,../Results/resultsWP2_norm2.csv,None,520.558,147295,12992,769,17.394307982994803,229.47939046176725,1.6874918820626057,1.6994988589453628,19.99025709632388,13.429984168762436,10.268088054187192,9.741067880720175,19.50979466603729,23.29030477675652,12,12,8474,6,0,0,3360,9199,12559,223451,226811,1.7,26.8,18.8,100.0,0.07080481472740147
../Data/Human_Leukemia_Real/human_leukemia_real_5sets.graph,cleaned,1,0,0,0,307,10000,1,2,0,5,-1,0,-1,None,None,transcripts.gtf,../Results/resultsWP2_norm2.csv,None,541.23,147295,12795,770,17.394307982994803,229.47939046176725,1.662120031176929,1.5866212693141324,19.066983344356924,12.588978894999222,10.125283313794451,9.642443735151105,19.50979466603729,23.29030477675652,12,12,8474,6,0,0,3341,9025,12366,223470,226811,1.7,27.0,17.8,100.0,0.07080481472740147
../Data/Human_Leukemia_Real/human_leukemia_real_5sets.graph,cleaned,1,0,0,0,307,10000,1,2,0,10,-1,0,-1,None,None,transcripts.gtf,../Results/resultsWP2_norm2.csv,None,564.509,147295,12732,771,17.394307982994803,229.47939046176725,1.6541509679095752,1.565170789194298,18.627745664739884,11.983967475998131,10.083804586867736,9.549920024232325,19.50979466603729,23.29030477675652,12,12,8474,6,0,0,3349,8949,12298,223462,226811,1.7,27.2,17.7,100.0,0.07080481472740147
../Data/Human_Diverse/SRR307903.graph,cleaned,1,0,0,0,989,10000,1,2,-1,None,-1,0,-1,None,None,transcripts.gtf,../Results/resultsWP2_norm2.csv,None,1061.642,86268,37091,346,3.651246455326533,42.12768373266665,1.593187577853185,1.3380192499772194,18.28763901743313,19.47265678159233,10.048879782157396,11.122459093119016,14.70485420457912,20.814543061570543,47,47,23629,2,0,0,11456,23651,35107,215355,226811,5.8,32.6,43.2,100.0,0.008464175377713826
../Data/Human_Diverse/SRR307903.graph,cleaned,1,0,0,0,989,10000,1,2,1,1,-1,0,-1,None,None,transcripts.gtf,../Results/resultsWP2_norm2.csv,None,1083.037,86268,37101,346,3.651246455326533,42.12768373266665,1.5936171126669816,1.3323591507111647,18.28763901743313,19.47265678159233,10.031805072639552,11.074290264036655,14.70485420457912,20.814543061570543,47,47,23629,2,0,0,11435,23702,35137,215376,226811,5.8,32.5,43.2,100.0,0.008464175377713826
../Data/Human_Diverse/SRR307903.graph,cleaned,1,0,0,0,989,10000,1,2,1,5,-1,0,-1,None,None,transcripts.gtf,../Results/resultsWP2_norm2.csv,None,1078.116,86268,37067,346,3.651246455326533,42.12768373266665,1.5921566943000731,1.3343294358917062,18.28763901743313,19.47265678159233,10.050449186608034,11.127202962450982,14.70485420457912,20.814543061570543,47,47,23629,2,0,0,11432,23681,35113,215379,226811,5.8,32.6,43.2,100.0,0.008464175377713826
../Data/Human_Diverse/SRR307903.graph,cleaned,1,0,0,0,989,10000,1,2,1,10,-1,0,-1,None,None,transcripts.gtf,../Results/resultsWP2_norm2.csv,None,1113.676,86268,33409,346,3.651246455326533,42.12768373266665,1.4350328594132555,1.4430480817759053,18.28763901743313,19.47265678159233,10.931994372773804,11.371598965284836,14.70485420457912,20.814543061570543,47,47,23629,2,0,0,11305,20297,31602,215506,226811,5.7,35.8,43.2,100.0,0.008464175377713826
../Data/Human_Diverse/SRR307903.graph,cleaned,1,0,0,0,989,10000,1,2,0,1,-1,0,-1,None,None,transcripts.gtf,../Results/resultsWP2_norm2.csv,None,1252.755,86268,36483,347,3.651246455326533,42.12768373266665,1.567139175257732,1.2626789252126336,18.28994900127497,19.475690558179945,9.973987884768247,11.16473169774066,14.70485420457912,20.814543061570543,47,47,23629,2,0,0,11348,23228,34576,215463,226811,5.7,32.8,41.4,100.0,0.008464175377713826
../Data/Human_Diverse/SRR307903.graph,cleaned,1,0,0,0,989,10000,1,2,0,5,-1,0,-1,None,None,transcripts.gtf,../Results/resultsWP2_norm2.csv,None,1335.678,86268,36140,347,3.651246455326533,42.12768373266665,1.552405498281787,1.2090638352496126,18.28994900127497,19.475690558179945,9.846956281128945,10.966597649849977,14.70485420457912,20.814543061570543,47,47,23629,2,0,0,11268,22984,34252,215543,226811,5.7,32.9,40.0,100.0,0.008464175377713826
../Data/Human_Diverse/SRR307903.graph,cleaned,1,0,0,0,989,10000,1,2,0,10,-1,0,-1,None,None,transcripts.gtf,../Results/resultsWP2_norm2.csv,None,1434.162,86268,33173,347,3.651246455326533,42.12768373266665,1.4249570446735396,1.2754038274971955,18.28994900127497,19.475690558179945,10.453953516413952,11.113376713992343,14.70485420457912,20.814543061570543,47,47,23629,2,0,0,11149,20297,31446,215662,226811,5.6,35.5,39.5,100.0,0.008464175377713826
../Data/Human_Diverse/SRR307911.graph,cleaned,1,0,0,0,668,10000,1,2,-1,None,-1,0,-1,None,None,transcripts.gtf,../Results/resultsWP2_norm2.csv,None,1492.015,167989,53581,474,5.156833251473477,91.582359754662,1.6690860382530683,1.5502717844501337,18.263729015339816,15.15597005153917,8.163098859670406,8.921324319001238,11.928696399521163,16.510043564897963,104,104,32579,3,0,0,11039,38517,49556,215772,226811,5.6,22.3,51.2,100.0,0.009208385769974523
../Data/Human_Diverse/SRR307911.graph,cleaned,1,0,0,0,668,10000,1,2,1,1,-1,0,-1,None,None,transcripts.gtf,../Results/resultsWP2_norm2.csv,None,1528.114,167989,53619,474,5.156833251473477,91.582359754662,1.6702697651236682,1.5534344655604653,18.263729015339816,15.15597005153917,8.164288778231597,8.93781153261734,11.928696399521163,16.510043564897963,104,104,32579,3,0,0,11037,38565,49602,215774,226811,5.6,22.3,51.4,100.0,0.009208385769974523
../Data/Human_Diverse/SRR307911.graph,cleaned,1,0,0,0,668,10000,1,2,1,5,-1,0,-1,None,None,transcripts.gtf,../Results/resultsWP2_norm2.csv,None,1514.096,167989,53578,474,5.156833251473477,91.582359754662,1.6689925861317052,1.550141308825037,18.263729015339816,15.15597005153917,8.16478778603158,8.932131225293558,11.928696399521163,16.510043564897963,104,104,32579,3,0,0,11044,38519,49563,215767,226811,5.6,22.3,51.2,100.0,0.009208385769974523
../Data/Human_Diverse/SRR307911.graph,cleaned,1,0,0,0,668,10000,1,2,1,10,-1,0,-1,None,None,transcripts.gtf,../Results/resultsWP2_norm2.csv,None,1566.781,167989,48903,474,5.156833251473477,91.582359754662,1.5233630303407888,1.639402767990519,18.263729015339816,15.15597005153917,8.73457661084187,9.108304130346596,11.928696399521163,16.510043564897963,104,102,32579,3,0,0,10886,34229,45115,215925,226811,5.5,24.1,51.1,100.0,0.009208385769974523
../Data/Human_Diverse/SRR307911.graph,cleaned,1,0,0,0,668,10000,1,2,0,1,-1,0,-1,None,None,transcripts.gtf,../Results/resultsWP2_norm2.csv,None,1735.57,167989,52928,474,5.156833251473477,91.582359754662,1.6487446265030217,1.5085526545147532,18.263729015339816,15.15597005153917,8.144195888754535,8.999055774714183,11.928696399521163,16.510043564897963,104,104,32579,3,0,0,10927,38066,48993,215884,226811,5.5,22.3,50.6,100.0,0.009208385769974523
../Data/Human_Diverse/SRR307911.graph,cleaned,1,0,0,0,668,10000,1,2,0,5,-1,0,-1,None,None,transcripts.gtf,../Results/resultsWP2_norm2.csv,None,1891.11,167989,52295,476,5.156833251473477,91.582359754662,1.629127725856698,1.4297660071193434,16.92106599429182,14.547655251054987,8.009561143512764,8.814284609430752,11.928696399521163,16.510043564897963,104,104,32579,3,0,0,10873,37544,48417,215938,226811,5.5,22.5,48.1,100.0,0.009208385769974523
../Data/Human_Diverse/SRR307911.graph,cleaned,1,0,0,0,668,10000,1,2,0,10,-1,0,-1,None,None,transcripts.gtf,../Results/resultsWP2_norm2.csv,None,2054.66,167989,48530,474,5.156833251473477,91.582359754662,1.5117438165846364,1.4748028807258329,18.263729015339816,15.15597005153917,8.401730888110448,9.007807355201289,11.928696399521163,16.510043564897963,104,104,32579,3,0,0,10725,34145,44870,216086,226811,5.4,23.9,47.4,100.0,0.009208385769974523
../Data/Human_Leukemia_Real/human_leukemia_real_5sets.graph,cleaned,1,0,0,0,307,10000,1,2,-1,None,-1,0,-1,None,None,transcripts.gtf,../Results/resultsWP2_norm2.csv,None,474.746,147295,13015,768,17.394307982994803,229.47939046176725,1.6902597402597404,1.7080096557371602,19.94377660186357,13.3672279857417,10.314790626200535,9.799869616798947,19.50979466603729,23.29030477675652,12,12,8474,6,0,0,3385,9196,12581,223426,226811,1.7,26.9,18.5,100.0,0.07080481472740147
../Data/Human_Leukemia_Real/human_leukemia_real_5sets.graph,cleaned,1,0,0,0,307,10000,1,2,1,50,-1,0,-1,None,None,transcripts.gtf,../Results/resultsWP2_norm2.csv,None,512.406,147295,11498,768,17.394307982994803,229.47939046176725,1.4932467532467533,1.838831861475402,19.94377660186357,13.3672279857417,11.396938598017046,9.917877863572825,19.50979466603729,23.29030477675652,12,12,8474,6,0,0,3326,7828,11154,223485,226811,1.7,29.8,18.6,100.0,0.07080481472740147
../Data/Human_Leukemia_Real/human_leukemia_real_5sets.graph,cleaned,1,0,0,0,307,10000,1,2,1,100,-1,0,-1,None,None,transcripts.gtf,../Results/resultsWP2_norm2.csv,None,518.465,147295,10612,769,17.394307982994803,229.47939046176725,1.3783608260813092,1.8264117995473368,19.48312373947088,13.305434821918414,11.974462872220128,9.929105400447082,19.50979466603729,23.29030477675652,12,12,8474,6,0,0,3227,7074,10301,223584,226811,1.6,31.3,18.1,100.0,0.07080481472740147
../Data/Human_Leukemia_Real/human_leukemia_real_5sets.graph,cleaned,1,0,0,0,307,10000,1,2,0,50,-1,0,-1,None,None,transcripts.gtf,../Results/resultsWP2_norm2.csv,None,823.29,147295,11833,775,17.394307982994803,229.47939046176725,1.5381515663590275,1.4811193657395052,18.079447649673696,11.805825163237978,10.24347164708865,9.46643459227669,19.50979466603729,23.29030477675652,12,12,8474,6,0,0,3301,8145,11446,223510,226811,1.7,28.8,16.4,100.0,0.07080481472740147
../Data/Human_Leukemia_Real/human_leukemia_real_5sets.graph,cleaned,1,0,0,0,307,10000,1,2,0,100,-1,0,-1,None,None,transcripts.gtf,../Results/resultsWP2_norm2.csv,None,918.72,147295,11235,774,17.394307982994803,229.47939046176725,1.4602287496750714,1.4648412136753113,18.54112297966429,12.4626798186582,10.527903871829103,9.549017130512429,19.50979466603729,23.29030477675652,12,12,8474,6,0,0,3250,7631,10881,223561,226811,1.6,29.9,16.0,100.0,0.07080481472740147
../Data/Human_Diverse/SRR307903.graph,cleaned,1,0,0,0,989,10000,1,2,1,50,-1,0,-1,None,None,transcripts.gtf,../Results/resultsWP2_norm2.csv,None,1537.676,86268,26481,347,3.651246455326533,42.12768373266665,1.1375,1.5028769823886048,18.28398021424453,19.46554657911131,13.069823647143236,11.719683355300422,14.70485420457912,20.814543061570543,47,37,23629,2,0,0,10772,14452,25224,216039,226811,5.5,42.7,42.2,100.0,0.008464175377713826
../Data/Human_Diverse/SRR307903.graph,cleaned,1,0,0,0,989,10000,1,2,1,100,-1,0,-1,None,None,transcripts.gtf,../Results/resultsWP2_norm2.csv,None,1615.817,86268,23838,349,3.651246455326533,42.12768373266665,1.0240570495747057,1.4670344444151877,18.152005351658712,19.210616579744904,14.029574628744022,11.75143936433876,14.70485420457912,20.814543061570543,47,21,23629,2,0,0,10377,12457,22834,216434,226811,5.3,45.4,41.1,100.0,0.008464175377713826
../Data/Human_Diverse/SRR307903.graph,cleaned,1,0,0,0,989,10000,1,2,0,50,-1,0,-1,None,None,transcripts.gtf,../Results/resultsWP2_norm2.csv,None,1982.941,86268,27190,348,3.651246455326533,42.12768373266665,1.1680054985179775,1.2935751420522177,16.521015475244283,15.796614021196756,11.709709452004413,11.065484610927465,14.70485420457912,20.814543061570543,47,47,23629,2,0,0,10667,15182,25849,216144,226811,5.4,41.3,36.8,100.0,0.008464175377713826
../Data/Human_Diverse/SRR307903.graph,cleaned,1,0,0,0,989,10000,1,2,0,100,-1,0,-1,None,None,transcripts.gtf,../Results/resultsWP2_norm2.csv,None,1880.73,86268,24960,348,3.651246455326533,42.12768373266665,1.0722110056273897,1.2617965285270385,18.275489060881224,19.504606072938348,12.265985576923075,11.326993340968832,14.70485420457912,20.814543061570543,47,45,23629,2,0,0,10404,13371,23775,216407,226811,5.3,43.8,35.1,100.0,0.008464175377713826
../Data/Human_Diverse/SRR307911.graph,cleaned,1,0,0,0,668,10000,1,2,1,50,-1,0,-1,None,None,transcripts.gtf,../Results/resultsWP2_norm2.csv,None,1529.711,167989,36943,474,5.156833251473477,91.582359754662,1.150800573173011,1.7277827722722516,18.263729015339816,15.15597005153917,10.832769401510436,9.640965306694945,11.928696399521163,16.510043564897963,104,84,32579,3,0,0,10277,24130,34407,216534,226811,5.2,29.9,50.7,100.0,0.009208385769974523
../Data/Human_Diverse/SRR307911.graph,cleaned,1,0,0,0,668,10000,1,2,1,100,-1,0,-1,None,None,transcripts.gtf,../Results/resultsWP2_norm2.csv,None,1486.004,167989,32548,474,5.156833251473477,91.582359754662,1.013893215375989,1.688046245968997,18.263729015339816,15.15597005153917,11.879408873049035,9.84762029111292,11.928696399521163,16.510043564897963,104,64,32579,3,0,0,9892,20707,30599,216919,226811,5.0,32.3,49.8,100.0,0.009208385769974523
../Data/Human_Diverse/SRR307911.graph,cleaned,1,0,0,0,668,10000,1,2,0,50,-1,0,-1,None,None,transcripts.gtf,../Results/resultsWP2_norm2.csv,None,2334.44,167989,39077,476,5.156833251473477,91.582359754662,1.2173520249221184,1.4899743348647545,17.233512183280737,14.214361393766996,9.46569593366942,9.258001750491111,11.928696399521163,16.510043564897963,104,103,32579,3,0,0,10187,25997,36184,216624,226811,5.2,28.2,44.1,100.0,0.009208385769974523
../Data/Human_Diverse/SRR307911.graph,cleaned,1,0,0,0,668,10000,1,2,0,100,-1,0,-1,None,None,transcripts.gtf,../Results/resultsWP2_norm2.csv,None,2420.512,167989,35246,475,5.156833251473477,91.582359754662,1.097972025793589,1.4514025656039466,17.92375545132889,15.098800616905091,9.971599614140612,9.413187688573602,11.928696399521163,16.510043564897963,104,99,32579,3,0,0,9894,22849,32743,216917,226811,5.0,30.2,42.2,100.0,0.009208385769974523
../Data/Human_Geauvadis_simulated/human_geuvadis_simulated_5sets.graph,cleaned,1,0,0,0,276,10000,1,2,1,10,-1,0,-1,None,None,transcripts.gtf,../Results/resultsWP2_norm2.csv,None,1062.828,97597,37871,647,4.489075939469205,34.74267255152945,1.7953446477671375,1.6992012876911184,15.067411381592995,11.63484679187604,10.167542446727047,9.354116568820771,17.85267466997838,20.5825297220564,19,19,21741,0,0,0,16263,20623,36886,100705,116968,15.1,44.1,89.5,100.0,0.0
../Data/Human_Geauvadis_simulated/human_geuvadis_simulated_5sets.graph,cleaned,1,0,0,0,276,10000,1,2,1,50,-1,0,-1,None,None,transcripts.gtf,../Results/resultsWP2_norm2.csv,None,1035.381,97597,34463,647,4.489075939469205,34.74267255152945,1.6337821181378591,1.791639836062847,15.067411381592995,11.63484679187604,10.926239735368366,9.455316449084163,17.85267466997838,20.5825297220564,19,18,21741,0,0,0,15981,17507,33488,100987,116968,14.8,47.7,89.1,100.0,0.0
../Data/Human_Geauvadis_simulated/human_geuvadis_simulated_5sets.graph,cleaned,1,0,0,0,276,10000,1,2,1,100,-1,0,-1,None,None,transcripts.gtf,../Results/resultsWP2_norm2.csv,None,1017.119,97597,32517,647,4.489075939469205,34.74267255152945,1.5415283967004836,1.854278894037367,15.067411381592995,11.63484679187604,11.41682812067534,9.544549369851143,17.85267466997838,20.5825297220564,19,17,21741,0,0,0,15313,16244,31557,101655,116968,14.2,48.5,88.5,100.0,0.0
../Data/Human_Geauvadis_simulated/human_geuvadis_simulated_5sets.graph,cleaned,1,0,0,0,276,10000,1,2,0,10,-1,0,-1,None,None,transcripts.gtf,../Results/resultsWP2_norm2.csv,None,1408.805,97597,37170,649,4.489075939469205,34.74267255152945,1.762279537265314,1.5647798086015965,15.069301628106256,11.652489631460025,9.963492063492064,9.239084870803865,17.85267466997838,20.5825297220564,19,19,21741,0,0,0,15977,20262,36239,100991,116968,14.8,44.1,85.8,100.0,0.0
../Data/Human_Geauvadis_simulated/human_geuvadis_simulated_5sets.graph,cleaned,1,0,0,0,276,10000,1,2,0,50,-1,0,-1,None,None,transcripts.gtf,../Results/resultsWP2_norm2.csv,None,1766.211,97597,34902,650,4.489075939469205,34.74267255152945,1.654829074012612,1.50499650932099,14.88975519328281,11.637156856703728,10.150965560712851,9.170016972061136,17.85267466997838,20.5825297220564,19,19,21741,0,0,0,15795,18249,34044,101173,116968,14.6,46.4,80.7,100.0,0.0
../Data/Human_Geauvadis_simulated/human_geuvadis_simulated_5sets.graph,cleaned,1,0,0,0,276,10000,1,2,0,100,-1,0,-1,None,None,transcripts.gtf,../Results/resultsWP2_norm2.csv,None,1924.909,97597,33472,650,4.489075939469205,34.74267255152945,1.5870276421222322,1.509618454693846,14.88975519328281,11.637156856703728,10.356297801147228,9.19125263424476,17.85267466997838,20.5825297220564,19,19,21741,0,0,0,15706,16932,32638,101262,116968,14.6,48.1,79.2,100.0,0.0
../Data/Human_Geauvadis_simulated/human_geuvadis_simulated_5sets.graph,cleaned,1,0,0,0,276,10000,1,1,-1,None,-1,0,-1,None,None,transcripts.gtf,../Results/resultsWP2.csv,None,136.209,97597,40372,0,4.48907593946921,34.7426725515295,1.85695230210202,1.74402807631686,15.2217588655389,10.6584405684593,9.79812741504013,8.85433036397229,17.8526746699784,20.5825297220564,20,20,21741,0,0,0,17017,22307,39324,99951,116968,15.8,43.3,96.3,100.0,0.0
../Data/Human_Geauvadis_simulated/human_geuvadis_simulated_5sets.graph,cleaned,1,0,0,0,276,10000,1,1,1,0.01,-1,0,-1,None,None,transcripts.gtf,../Results/resultsWP2.csv,None,126.324,97597,40263,0,4.48907593946921,34.7426725515295,1.85193873326894,1.73590248622796,15.2217588655389,10.6584405684593,9.76631150187517,8.83279603810178,17.8526746699784,20.5825297220564,20,20,21741,0,0,0,16932,22290,39222,100036,116968,15.7,43.2,95.4,100.0,0.0
../Data/Human_Geauvadis_simulated/human_geuvadis_simulated_5sets.graph,cleaned,1,0,0,0,276,10000,1,1,1,0.1,-1,0,-1,None,None,transcripts.gtf,../Results/resultsWP2.csv,None,128.942,97597,40246,0,4.48907593946921,34.7426725515295,1.85115680051516,1.72535002923713,15.2217588655389,10.6584405684593,9.76377776673458,8.82422494259152,17.8526746699784,20.5825297220564,20,20,21741,0,0,0,16934,22260,39194,100034,116968,15.7,43.2,95.0,100.0,0.0
../Data/Human_Geauvadis_simulated/human_geuvadis_simulated_5sets.graph,cleaned,1,0,0,0,276,10000,1,1,1,1,-1,0,-1,None,None,transcripts.gtf,../Results/resultsWP2.csv,None,128.306,97597,39594,0,4.48907593946921,34.7426725515295,1.82116737960535,1.68723628246216,15.2217588655389,10.6584405684593,9.87253119159469,8.92398188615185,17.8526746699784,20.5825297220564,20,0,21741,0,0,0,16754,21846,38600,100214,116968,15.5,43.4,94.2,100.0,0.0
../Data/Human_Geauvadis_simulated/human_geuvadis_simulated_5sets.graph,cleaned,1,0,0,0,276,10000,1,1,1,5,-1,0,-1,None,None,transcripts.gtf,../Results/resultsWP2.csv,None,134.499,97597,30665,0,4.48907593946921,34.7426725515295,1.41046869969183,1.63312898219669,15.2217588655389,10.6584405684593,11.8564161095712,9.14591830020113,17.8526746699784,20.5825297220564,20,0,21741,0,0,0,13686,16296,29982,103282,116968,12.7,45.6,86.4,100.0,0.0
../Data/Human_Geauvadis_simulated/human_geuvadis_simulated_5sets.graph,cleaned,1,0,0,0,276,10000,1,1,1,10,-1,0,-1,None,None,transcripts.gtf,../Results/resultsWP2.csv,None,129.902,97597,22002,0,4.48907593946921,34.7426725515295,1.01200496757279,1.54681419795423,15.2217588655389,10.6584405684593,14.7172075265885,9.25115934081504,17.8526746699784,20.5825297220564,20,0,21741,0,0,0,9832,11706,21538,107136,116968,9.1,45.7,76.4,100.0,0.0
../Data/Human_Geauvadis_simulated/human_geuvadis_simulated_5sets.graph,cleaned,1,0,0,0,276,10000,1,1,0,0.01,-1,0,-1,None,None,transcripts.gtf,../Results/resultsWP2.csv,None,147.232,97597,40244,0,4.48907593946921,34.7426725515295,1.85106480842648,1.72448874934795,15.2217588655389,10.6584405684593,9.77325812543485,8.81089867730256,17.8526746699784,20.5825297220564,20,20,21741,0,0,0,16987,22203,39190,99981,116968,15.7,43.3,95.5,100.0,0.0
../Data/Human_Geauvadis_simulated/human_geuvadis_simulated_5sets.graph,cleaned,1,0,0,0,276,10000,1,1,0,0.1,-1,0,-1,None,None,transcripts.gtf,../Results/resultsWP2.csv,None,166.977,97597,38992,0,4.48907593946921,34.7426725515295,1.79347776091256,1.59917059842744,15.2217588655389,10.6584405684593,9.67785699630693,8.83612232978641,17.8526746699784,20.5825297220564,20,20,21741,0,0,0,16647,21395,38042,100321,116968,15.4,43.8,89.7,100.0,0.0
../Data/Human_Geauvadis_simulated/human_geuvadis_simulated_5sets.graph,cleaned,1,0,0,0,276,10000,1,1,0,1,-1,0,-1,None,None,transcripts.gtf,../Results/resultsWP2.csv,None,241.617,97597,37697,0,4.48907593946921,34.7426725515295,1.73391288349202,1.42073108586858,15.2217588655389,10.6584405684593,9.406902406027,8.64319904603701,17.8526746699784,20.5825297220564,20,20,21741,0,0,0,16413,20422,36835,100555,116968,15.2,44.6,80.8,100.0,0.0
../Data/Human_Geauvadis_simulated/human_geuvadis_simulated_5sets.graph,cleaned,1,0,0,0,276,10000,1,1,0,5,-1,0,-1,None,None,transcripts.gtf,../Results/resultsWP2.csv,None,341.81,97597,37192,0,4.48907593946921,34.7426725515295,1.71068488110023,1.37770738562001,15.2217588655389,10.6584405684593,9.38228651322865,8.62588674521301,17.8526746699784,20.5825297220564,20,20,21741,0,0,0,16300,20070,36370,100668,116968,15.1,44.8,79.3,100.0,0.0
../Data/Human_Geauvadis_simulated/human_geuvadis_simulated_5sets.graph,cleaned,1,0,0,0,276,10000,1,1,0,10,-1,0,-1,None,None,transcripts.gtf,../Results/resultsWP2.csv,None,346.536,97597,35198,0,4.48907593946921,34.7426725515295,1.61896876868589,1.4217319937302,15.2217588655389,10.6584405684593,9.70259673845105,8.64748242316488,17.8526746699784,20.5825297220564,20,20,21741,0,0,0,16127,18281,34408,100841,116968,14.9,46.9,78.3,100.0,0.0
../Data/Human_Leukemia_Real/human_leukemia_real_5sets.graph,cleaned,1,0,0,0,307,10000,1,1,-1,None,-1,0,-1,None,None,transcripts.gtf,../Results/resultsWP2.csv,None,120.684,147295,16477,0,17.3943079829948,229.479390461767,1.94579593764761,2.12139328655642,29.3573644726569,14.6308565996073,11.2842750500698,10.1513146968449,19.5097946660373,23.2903047767565,18,18,8474,6,0,0,3978,11963,15941,222833,226811,2.0,25.0,28.1,100.0,0.07080481472740147
../Data/Human_Leukemia_Real/human_leukemia_real_5sets.graph,cleaned,1,0,0,0,307,10000,1,1,1,0.01,-1,0,-1,None,None,transcripts.gtf,../Results/resultsWP2.csv,None,121.857,147295,16405,0,17.3943079829948,229.479390461767,1.93729333963155,2.07579601808506,29.3573644726569,14.6308565996073,11.2416946053033,10.0996820361114,19.5097946660373,23.2903047767565,18,18,8474,6,0,0,3988,11878,15866,222823,226811,2.0,25.1,27.6,100.0,0.07080481472740147
../Data/Human_Leukemia_Real/human_leukemia_real_5sets.graph,cleaned,1,0,0,0,307,10000,1,1,1,0.1,-1,0,-1,None,None,transcripts.gtf,../Results/resultsWP2.csv,None,119.886,147295,16390,0,17.3943079829948,229.479390461767,1.93552196504487,2.06292859354401,29.3573644726569,14.6308565996073,11.2034777303234,10.0255102089431,19.5097946660373,23.2903047767565,18,18,8474,6,0,0,3999,11855,15854,222812,226811,2.0,25.2,27.3,100.0,0.07080481472740147
../Data/Human_Leukemia_Real/human_leukemia_real_5sets.graph,cleaned,1,0,0,0,307,10000,1,1,1,1,-1,0,-1,None,None,transcripts.gtf,../Results/resultsWP2.csv,None,119.991,147295,16117,0,17.3943079829948,229.479390461767,1.90328294756731,2.0240606782296,29.3573644726569,14.6308565996073,11.3627225910529,10.1963459421329,19.5097946660373,23.2903047767565,18,0,8474,6,0,0,3958,11658,15616,222853,226811,2.0,25.3,27.3,100.0,0.07080481472740147
../Data/Human_Leukemia_Real/human_leukemia_real_5sets.graph,cleaned,1,0,0,0,307,10000,1,1,1,5,-1,0,-1,None,None,transcripts.gtf,../Results/resultsWP2.csv,None,121.951,147295,12537,0,17.3943079829948,229.479390461767,1.48051487954653,2.05049591017241,29.3573644726569,14.6308565996073,13.8688681502752,10.2309187781876,19.5097946660373,23.2903047767565,18,0,8474,6,0,0,3411,8903,12314,223400,226811,1.7,27.7,26.4,100.0,0.07080481472740147
../Data/Human_Leukemia_Real/human_leukemia_real_5sets.graph,cleaned,1,0,0,0,307,10000,1,1,1,10,-1,0,-1,None,None,transcripts.gtf,../Results/resultsWP2.csv,None,118.64,147295,9497,0,17.3943079829948,229.479390461767,1.1215162966462,1.94697512693053,29.3573644726569,14.6308565996073,16.8314204485627,10.1840740767004,19.5097946660373,23.2903047767565,18,0,8474,6,0,0,2708,6693,9401,224103,226811,1.4,28.8,24.3,100.0,0.07080481472740147
../Data/Human_Leukemia_Real/human_leukemia_real_5sets.graph,cleaned,1,0,0,0,307,10000,1,1,0,0.01,-1,0,-1,None,None,transcripts.gtf,../Results/resultsWP2.csv,None,123.629,147295,16369,1,17.3943079829948,229.479390461767,1.93327034368726,2.06461010849325,27.7220836358669,13.3207486535673,11.2055715071171,10.056309120181,19.5097946660373,23.2903047767565,18,18,8474,6,0,0,3971,11863,15834,222840,226811,2.0,25.1,27.7,100.0,0.07080481472740147
../Data/Human_Leukemia_Real/human_leukemia_real_5sets.graph,cleaned,1,0,0,0,307,10000,1,1,0,0.1,-1,0,-1,None,None,transcripts.gtf,../Results/resultsWP2.csv,None,124.805,147295,16108,1,17.3943079829948,229.479390461767,1.90244478563836,2.00599795725339,27.7220836358669,13.3207486535673,11.1749441271418,10.0937648142932,19.5097946660373,23.2903047767565,18,18,8474,6,0,0,3921,11657,15578,222890,226811,2.0,25.2,27.1,100.0,0.07080481472740147
../Data/Human_Leukemia_Real/human_leukemia_real_5sets.graph,cleaned,1,0,0,0,307,10000,1,1,0,1,-1,0,-1,None,None,transcripts.gtf,../Results/resultsWP2.csv,None,197.506,147295,15204,1,17.3943079829948,229.479390461767,1.79567733553797,1.69184344829577,27.7220836358669,13.3207486535673,10.740726124704,9.95218438222183,19.5097946660373,23.2903047767565,18,18,8474,6,0,0,3819,10865,14684,222992,226811,1.9,26.0,23.1,100.0,0.07080481472740147
../Data/Human_Leukemia_Real/human_leukemia_real_5sets.graph,cleaned,1,0,0,0,307,10000,1,1,0,5,-1,0,-1,None,None,transcripts.gtf,../Results/resultsWP2.csv,None,299.929,147295,14813,1,17.3943079829948,229.479390461767,1.74949805125782,1.59536911663804,27.7220836358669,13.3207486535673,10.6027138324445,9.74960952881442,19.5097946660373,23.2903047767565,18,18,8474,6,0,0,3807,10532,14339,223004,226811,1.9,26.6,22.0,100.0,0.07080481472740147
../Data/Human_Leukemia_Real/human_leukemia_real_5sets.graph,cleaned,1,0,0,0,307,10000,1,1,0,10,-1,0,-1,None,None,transcripts.gtf,../Results/resultsWP2.csv,None,313.436,147295,13824,1,17.3943079829948,229.479390461767,1.63269162631392,1.64070270959444,27.7220836358669,13.3207486535673,11.0850694444444,9.80525099838031,19.5097946660373,23.2903047767565,18,18,8474,6,0,0,3751,9655,13406,223060,226811,1.9,28.0,21.4,100.0,0.07080481472740147
../Data/Human_Geauvadis_simulated/human_geuvadis_simulated_5sets.graph,cleaned,1,0,0,0,276,10000,1,0,-1,None,-1,0,-1,None,None,transcripts.gtf,../Results/resultsWP2.csv,None,1423.227,97597,42311,0,4.48907593946921,34.7426725515295,1.94613863207764,1.99912501948271,15.2217588655389,10.6584405684593,10.0005435938645,9.04969471390992,17.8526746699784,20.5825297220564,20,20,21741,0,0,0,17049,24083,41132,99919,116968,15.8,41.5,100.0,100.0,0.0
../Data/Human_Geauvadis_simulated/human_geuvadis_simulated_5sets.graph,cleaned,1,0,0,0,276,10000,1,0,1,0.01,-1,0,-1,None,None,transcripts.gtf,../Results/resultsWP2.csv,None,876.147,97597,34144,0,4.48907593946921,34.7426725515295,1.57048893795134,1.65270297550229,15.2217588655389,10.6584405684593,10.189696579194,9.57589430129851,17.8526746699784,20.5825297220564,20,3,21741,0,0,0,12057,21467,33524,104911,116968,11.2,36.0,89.1,100.0,0.0
../Data/Human_Geauvadis_simulated/human_geuvadis_simulated_5sets.graph,cleaned,1,0,0,0,276,10000,1,0,1,0.1,-1,0,-1,None,None,transcripts.gtf,../Results/resultsWP2.csv,None,236.799,97597,11981,0,4.48907593946921,34.7426725515295,0.551078607239777,0.712308890965236,15.2217588655389,10.6584405684593,7.36232367915867,9.06892616458506,17.8526746699784,20.5825297220564,20,0,21741,0,0,0,3066,8835,11901,113902,116968,2.8,25.8,17.9,100.0,0.0
../Data/Human_Geauvadis_simulated/human_geuvadis_simulated_5sets.graph,cleaned,1,0,0,0,276,10000,1,0,1,1,-1,0,-1,None,None,transcripts.gtf,../Results/resultsWP2.csv,None,106.766,97597,740,0,4.48907593946921,34.7426725515295,0.0340370728117382,0.187317843577454,15.2217588655389,10.6584405684593,5.92027027027027,8.56467048058847,17.8526746699784,20.5825297220564,20,0,21741,0,0,0,26,706,732,116942,116968,0.0,3.6,0.2,22.8,0.0
../Data/Human_Geauvadis_simulated/human_geuvadis_simulated_5sets.graph,cleaned,1,0,0,0,276,10000,1,0,0,0.01,-1,0,-1,None,None,transcripts.gtf,../Results/resultsWP2.csv,None,1940.053,97597,40083,0,4.48907593946921,34.7426725515295,1.84365944528771,1.77992999943155,15.2217588655389,10.6584405684593,9.80066362298231,8.91590831298457,17.8526746699784,20.5825297220564,20,20,21741,0,0,0,16463,22599,39062,100505,116968,15.3,42.1,96.6,100.0,0.0
../Data/Human_Geauvadis_simulated/human_geuvadis_simulated_5sets.graph,cleaned,1,0,0,0,276,10000,1,0,0,0.1,-1,0,-1,None,None,transcripts.gtf,../Results/resultsWP2.csv,None,2155.997,97597,40124,0,4.48907593946921,34.7426725515295,1.84554528310565,1.78691632876084,15.2217588655389,10.6584405684593,9.80405742199183,8.89378472925619,17.8526746699784,20.5825297220564,20,20,21741,0,0,0,16467,22639,39106,100501,116968,15.3,42.1,97.5,100.0,0.0
../Data/Human_Geauvadis_simulated/human_geuvadis_simulated_5sets.graph,cleaned,1,0,0,0,276,10000,1,0,0,1,-1,0,-1,None,None,transcripts.gtf,../Results/resultsWP2.csv,None,2659.896,97597,24668,0,4.48907593946921,34.7426725515295,1.13463042178373,1.38972005737727,15.2217588655389,10.6584405684593,11.0476730987514,9.45948710641168,17.8526746699784,20.5825297220564,20,0,21741,0,0,0,8883,15435,24318,108085,116968,8.2,36.5,64.6,100.0,0.0
../Data/Human_Diverse/SRR307903.graph,cleaned,1,0,0,0,989,10000,1,1,-1,None,-1,0,-1,None,None,transcripts.gtf,../Results/resultsWP2.csv,None,162.217,86268,38784,0,3.65124645532653,42.1276837326666,1.64151182968638,1.42297966426915,37.1241827792461,58.649944167286,11.1695028877888,15.2528218732712,14.7048542045791,20.8145430615705,48,48,23629,2,0,0,11697,25027,36724,215114,226811,5.9,31.9,45.8,100.0,0.008464175377713826
../Data/Human_Diverse/SRR307903.graph,cleaned,1,0,0,0,989,10000,1,1,0,0.01,-1,0,-1,None,None,transcripts.gtf,../Results/resultsWP2.csv,None,173.204,86268,38412,0,3.65124645532653,42.1276837326666,1.6257671308249,1.37680155975764,37.1241827792461,58.649944167286,11.1985056753098,15.7322608848391,14.7048542045791,20.8145430615705,48,48,23629,2,0,0,11617,24779,36396,215194,226811,5.9,31.9,45.1,100.0,0.008464175377713826
../Data/Human_Diverse/SRR307903.graph,cleaned,1,0,0,0,989,10000,1,1,0,0.1,-1,0,-1,None,None,transcripts.gtf,../Results/resultsWP2.csv,None,180.221,86268,37679,0,3.65124645532653,42.1276837326666,1.59474330215432,1.29407264900954,37.1241827792461,58.649944167286,11.0448525703973,15.7517046827595,14.7048542045791,20.8145430615705,48,48,23629,2,0,0,11476,24254,35730,215335,226811,5.8,32.1,42.6,100.0,0.008464175377713826
../Data/Human_Diverse/SRR307903.graph,cleaned,1,0,0,0,989,10000,1,1,0,1,-1,0,-1,None,None,transcripts.gtf,../Results/resultsWP2.csv,None,222.239,86268,37339,0,3.65124645532653,42.1276837326666,1.5803529859906,1.22700986059864,37.1241827792461,58.649944167286,10.8840622405528,15.5949649828016,14.7048542045791,20.8145430615705,48,48,23629,2,0,0,11452,23954,35406,215359,226811,5.8,32.3,41.0,100.0,0.008464175377713826
../Data/Human_Diverse/SRR307903.graph,cleaned,1,0,0,0,989,10000,1,1,0,5,-1,0,-1,None,None,transcripts.gtf,../Results/resultsWP2.csv,None,284.296,86268,31735,0,3.65124645532653,42.1276837326666,1.3431667160452,1.25398888256446,37.1241827792461,58.649944167286,11.9529226406176,16.2646501257838,14.7048542045791,20.8145430615705,48,48,23629,2,0,0,11061,19155,30216,215750,226811,5.6,36.6,38.7,100.0,0.008464175377713826
../Data/Human_Diverse/SRR307903.graph,cleaned,1,0,0,0,989,10000,1,1,0,10,-1,0,-1,None,None,transcripts.gtf,../Results/resultsWP2.csv,None,297.865,86268,26687,0,3.65124645532653,42.1276837326666,1.1295128454734,1.25897591157502,37.1241827792461,58.649944167286,13.3553415520666,16.9208974036495,14.7048542045791,20.8145430615705,48,46,23629,2,0,0,10595,14904,25499,216216,226811,5.4,41.6,36.8,100.0,0.008464175377713826
../Data/Human_Diverse/SRR307903.graph,cleaned,1,0,0,0,989,10000,1,1,1,0.01,-1,0,-1,None,None,transcripts.gtf,../Results/resultsWP2.csv,None,159.467,86268,38742,0,3.65124645532653,42.1276837326666,1.63973420239556,1.39746504623141,37.1241827792461,58.649944167286,11.0830881214186,14.9562033577242,14.7048542045791,20.8145430615705,48,48,23629,2,0,0,11699,24980,36679,215112,226811,5.9,31.9,45.3,100.0,0.008464175377713826
../Data/Human_Diverse/SRR307903.graph,cleaned,1,0,0,0,989,10000,1,1,1,0.1,-1,0,-1,None,None,transcripts.gtf,../Results/resultsWP2.csv,None,158.129,86268,38771,0,3.65124645532653,42.1276837326666,1.64096161171541,1.40886524116523,37.1241827792461,58.649944167286,11.1116556188904,15.0353753979192,14.7048542045791,20.8145430615705,48,48,23629,2,0,0,11695,25006,36701,215116,226811,5.9,31.9,45.6,100.0,0.008464175377713826
../Data/Human_Diverse/SRR307903.graph,cleaned,1,0,0,0,989,10000,1,1,1,1,-1,0,-1,None,None,transcripts.gtf,../Results/resultsWP2.csv,None,156.204,86268,37990,0,3.65124645532653,42.1276837326666,1.60790620899818,1.35443318558658,37.1241827792461,58.649944167286,11.3026059489339,15.4053560550578,14.7048542045791,20.8145430615705,48,0,23629,2,0,0,11592,24464,36056,215219,226811,5.9,32.2,45.2,100.0,0.008464175377713826
../Data/Human_Diverse/SRR307903.graph,cleaned,1,0,0,0,989,10000,1,1,1,5,-1,0,-1,None,None,transcripts.gtf,../Results/resultsWP2.csv,None,156.985,86268,25423,0,3.65124645532653,42.1276837326666,1.07601472891184,1.3636182508528,37.1241827792461,58.649944167286,15.4989969712465,17.0937450108713,14.7048542045791,20.8145430615705,48,0,23629,2,0,0,10141,14467,24608,216670,226811,5.1,41.2,43.1,100.0,0.008464175377713826
../Data/Human_Diverse/SRR307903.graph,cleaned,1,0,0,0,989,10000,1,1,1,10,-1,0,-1,None,None,transcripts.gtf,../Results/resultsWP2.csv,None,155.356,86268,18468,0,3.65124645532653,42.1276837326666,0.781648114445338,1.28052375001123,37.1241827792461,58.649944167286,19.4540827377085,18.4202755185509,14.7048542045791,20.8145430615705,48,0,23629,2,0,0,8233,9782,18015,218578,226811,4.2,45.7,38.7,100.0,0.008464175377713826
../Data/Human_Diverse/SRR307911.graph,cleaned,1,0,0,0,668,10000,1,1,-1,None,-1,0,-1,None,None,transcripts.gtf,../Results/resultsWP2.csv,None,183.393,167989,56384,0,5.15683325147348,91.582359754662,1.73084479371316,1.65783839835675,25.3606962360631,22.5756428544196,8.69145502270148,10.4376256874751,11.9286963995212,16.510043564898,108,108,32579,3,0,0,11475,40669,52144,215336,226811,5.8,22.0,55.4,100.0,0.009208385769974523
../Data/Human_Diverse/SRR307911.graph,cleaned,1,0,0,0,668,10000,1,1,0,0.01,-1,0,-1,None,None,transcripts.gtf,../Results/resultsWP2.csv,None,199.694,167989,55871,0,5.15683325147348,91.582359754662,1.71509700392927,1.60909555251183,25.3606962360631,22.5756428544196,8.6681641638775,10.407910764036,11.9286963995212,16.510043564898,108,108,32579,3,0,0,11411,40297,51708,215400,226811,5.8,22.1,54.4,100.0,0.009208385769974523
../Data/Human_Diverse/SRR307911.graph,cleaned,1,0,0,0,668,10000,1,1,0,0.1,-1,0,-1,None,None,transcripts.gtf,../Results/resultsWP2.csv,None,222.535,167989,54517,0,5.15683325147348,91.582359754662,1.67353266208251,1.48357101553481,25.3606962360631,22.5756428544196,8.50837353486069,10.3894339251934,11.9286963995212,16.510043564898,108,108,32579,3,0,0,11179,39283,50462,215632,226811,5.7,22.2,50.9,100.0,0.009208385769974523
../Data/Human_Diverse/SRR307911.graph,cleaned,1,0,0,0,668,10000,1,1,0,1,-1,0,-1,None,None,transcripts.gtf,../Results/resultsWP2.csv,None,314.714,167989,53787,0,5.15683325147348,91.582359754662,1.65112352652259,1.39440851255663,25.3606962360631,22.5756428544196,8.32870396192389,10.2189310487156,11.9286963995212,16.510043564898,108,108,32579,3,0,0,11092,38674,49766,215719,226811,5.6,22.3,48.3,100.0,0.009208385769974523
../Data/Human_Diverse/SRR307911.graph,cleaned,1,0,0,0,668,10000,1,1,0,5,-1,0,-1,None,None,transcripts.gtf,../Results/resultsWP2.csv,None,429.649,167989,45580,0,5.15683325147348,91.582359754662,1.39918958742633,1.40238738012459,25.3606962360631,22.5756428544196,9.08222904782799,10.577107422171,11.9286963995212,16.510043564898,108,107,32579,3,0,0,10660,31617,42277,216151,226811,5.4,25.2,45.3,100.0,0.009208385769974523
../Data/Human_Diverse/SRR307911.graph,cleaned,1,0,0,0,668,10000,1,1,0,10,-1,0,-1,None,None,transcripts.gtf,../Results/resultsWP2.csv,None,447.614,167989,37307,0,5.15683325147348,91.582359754662,1.14522961689587,1.40421379539997,25.3606962360631,22.5756428544196,10.2517221969067,11.0586049379652,11.9286963995212,16.510043564898,108,102,32579,3,0,0,10130,24587,34717,216681,226811,5.1,29.2,42.8,100.0,0.009208385769974523
../Data/Human_Diverse/SRR307911.graph,cleaned,1,0,0,0,668,10000,1,1,1,0.01,-1,0,-1,None,None,transcripts.gtf,../Results/resultsWP2.csv,None,188.55,167989,56289,0,5.15683325147348,91.582359754662,1.72792853634578,1.639849408297,25.3606962360631,22.5756428544196,8.65156602533355,10.3507225221552,11.9286963995212,16.510043564898,108,108,32579,3,0,0,11496,40545,52041,215315,226811,5.8,22.1,54.5,100.0,0.009208385769974523
../Data/Human_Diverse/SRR307911.graph,cleaned,1,0,0,0,668,10000,1,1,1,0.1,-1,0,-1,None,None,transcripts.gtf,../Results/resultsWP2.csv,None,185.375,167989,56306,0,5.15683325147348,91.582359754662,1.72845039292731,1.63934614537914,25.3606962360631,22.5756428544196,8.6517067452847,10.3549393548817,11.9286963995212,16.510043564898,108,108,32579,3,0,0,11509,40552,52061,215302,226811,5.8,22.1,54.5,100.0,0.009208385769974523
../Data/Human_Diverse/SRR307911.graph,cleaned,1,0,0,0,668,10000,1,1,1,1,-1,0,-1,None,None,transcripts.gtf,../Results/resultsWP2.csv,None,183.112,167989,54734,0,5.15683325147348,91.582359754662,1.68019400785855,1.54661774095925,25.3606962360631,22.5756428544196,8.74140388058611,10.467177122538,11.9286963995212,16.510043564898,108,0,32579,3,0,0,11347,39424,50771,215464,226811,5.7,22.3,53.3,100.0,0.009208385769974523
../Data/Human_Diverse/SRR307911.graph,cleaned,1,0,0,0,668,10000,1,1,1,5,-1,0,-1,None,None,transcripts.gtf,../Results/resultsWP2.csv,None,182.747,167989,32331,0,5.15683325147348,91.582359754662,0.992479125736739,1.47279402932859,25.3606962360631,22.5756428544196,13.0739537904797,11.9112064091797,11.9286963995212,16.510043564898,108,0,32579,3,0,0,9524,21440,30964,217287,226811,4.8,30.8,50.6,100.0,0.009208385769974523
../Data/Human_Diverse/SRR307911.graph,cleaned,1,0,0,0,668,10000,1,1,1,10,-1,0,-1,None,None,transcripts.gtf,../Results/resultsWP2.csv,None,178.451,167989,22042,0,5.15683325147348,91.582359754662,0.676633104125737,1.33924358805489,25.3606962360631,22.5756428544196,17.0346611015334,12.6027801517053,11.9286963995212,16.510043564898,108,0,32579,3,0,0,7452,14033,21485,219359,226811,3.8,34.7,45.8,100.0,0.009208385769974523
../Data/Human_Leukemia_Real/human_leukemia_real_5sets.graph,cleaned,1,0,0,0,307,10000,1,0,-1,None,-1,0,-1,None,None,transcripts.gtf,../Results/resultsWP2.csv,None,901.212,147295,17982,0,17.3943079829948,229.479390461767,2.1235238545111,2.58308938662255,29.3573644726569,14.6308565996073,11.8269380491603,10.4406538988276,19.5097946660373,23.2903047767565,18,18,8474,6,0,0,4019,13406,17425,222792,226811,2.0,23.1,33.3,100.0,0.07080481472740147
../Data/Human_Leukemia_Real/human_leukemia_real_5sets.graph,cleaned,1,0,0,0,307,10000,1,0,1,0.01,-1,0,-1,None,None,transcripts.gtf,../Results/resultsWP2.csv,None,625.858,147295,15580,0,17.3943079829948,229.479390461767,1.83986773736419,2.26914803224391,29.3573644726569,14.6308565996073,12.4347240051348,11.2514874506124,19.5097946660373,23.2903047767565,18,0,8474,6,0,0,2814,12348,15162,223997,226811,1.4,18.6,29.6,100.0,0.07080481472740147
../Data/Human_Leukemia_Real/human_leukemia_real_5sets.graph,cleaned,1,0,0,0,307,10000,1,0,1,0.1,-1,0,-1,None,None,transcripts.gtf,../Results/resultsWP2.csv,None,226.889,147295,7201,0,17.3943079829948,229.479390461767,0.850377893245158,1.1261218067762,29.3573644726569,14.6308565996073,11.2420497153173,12.420799688796,19.5097946660373,23.2903047767565,18,0,8474,6,0,0,723,6270,6993,226088,226811,0.4,10.3,10.3,100.0,0.07080481472740147
../Data/Human_Leukemia_Real/human_leukemia_real_5sets.graph,cleaned,1,0,0,0,307,10000,1,0,1,1,-1,0,-1,None,None,transcripts.gtf,../Results/resultsWP2.csv,None,113.221,147295,243,0,17.3943079829948,229.479390461767,0.0286962683042041,0.173210810797753,29.3573644726569,14.6308565996073,4.97942386831276,6.21212394952172,19.5097946660373,23.2903047767565,18,0,8474,6,0,0,5,210,215,226806,226811,0.0,2.3,0.1,95.8,0.07080481472740147
../Data/Human_Leukemia_Real/human_leukemia_real_5sets.graph,cleaned,1,0,0,0,307,10000,1,0,0,0.01,-1,0,-1,None,None,transcripts.gtf,../Results/resultsWP2.csv,None,1127.544,147295,16864,0,17.3943079829948,229.479390461767,1.99149740198394,2.27098270445905,29.3573644726569,14.6308565996073,11.4783562618596,10.2654794720835,19.5097946660373,23.2903047767565,18,18,8474,6,0,0,3850,12478,16328,222961,226811,1.9,23.6,29.5,100.0,0.07080481472740147
../Data/Human_Leukemia_Real/human_leukemia_real_5sets.graph,cleaned,1,0,0,0,307,10000,1,0,0,0.1,-1,0,-1,None,None,transcripts.gtf,../Results/resultsWP2.csv,None,1178.426,147295,16894,0,17.3943079829948,229.479390461767,1.9950401511573,2.28922617416434,29.3573644726569,14.6308565996073,11.4921273825027,10.3437583909916,19.5097946660373,23.2903047767565,18,18,8474,6,0,0,3856,12510,16366,222955,226811,2.0,23.6,30.1,100.0,0.07080481472740147
../Data/Human_Leukemia_Real/human_leukemia_real_5sets.graph,cleaned,1,0,0,0,307,10000,1,0,0,1,-1,0,-1,None,None,transcripts.gtf,../Results/resultsWP2.csv,None,1315.206,147295,10213,0,17.3943079829948,229.479390461767,1.20606991025035,1.6979067837067,29.3573644726569,14.6308565996073,13.1402134534417,10.5399711761797,19.5097946660373,23.2903047767565,18,0,8474,6,0,0,2125,7882,10007,224686,226811,1.1,21.2,19.9,100.0,0.07080481472740147
../Data/Human_Diverse/SRR307903.graph,cleaned,1,0,0,0,989,10000,1,0,-1,None,-1,0,-1,None,None,transcripts.gtf,../Results/resultsWP2.csv,None,1196.87,86268,41617,0,3.65124645532653,42.1276837326666,1.76141702289753,1.71115456190726,37.1241827792461,58.649944167286,11.816853689598,17.064033221579,14.7048542045791,20.8145430615705,48,48,23629,2,0,0,12026,27392,39418,214785,226811,6.1,30.5,52.7,100.0,0.008464175377713826
../Data/Human_Diverse/SRR307903.graph,cleaned,1,0,0,0,989,10000,1,0,0,0.01,-1,0,-1,None,None,transcripts.gtf,../Results/resultsWP2.csv,None,1404.144,86268,39539,0,3.65124645532653,42.1276837326666,1.67346679646168,1.4899675268145,37.1241827792461,58.649944167286,11.4834720149726,17.1272253169496,14.7048542045791,20.8145430615705,48,48,23629,2,0,0,11581,25938,37519,215230,226811,5.9,30.9,47.0,100.0,0.008464175377713826
../Data/Human_Diverse/SRR307903.graph,cleaned,1,0,0,0,989,10000,1,0,0,0.1,-1,0,-1,None,None,transcripts.gtf,../Results/resultsWP2.csv,None,1490.183,86268,39523,0,3.65124645532653,42.1276837326666,1.67278960511279,1.48441117195768,37.1241827792461,58.649944167286,11.4476886875996,17.0837266667756,14.7048542045791,20.8145430615705,48,48,23629,2,0,0,11553,25958,37511,215258,226811,5.9,30.8,47.0,100.0,0.008464175377713826
../Data/Human_Diverse/SRR307903.graph,cleaned,1,0,0,0,989,10000,1,0,0,1,-1,0,-1,None,None,transcripts.gtf,../Results/resultsWP2.csv,None,1905.751,86268,30501,0,3.65124645532653,42.1276837326666,1.29093833326279,1.22914482423686,37.1241827792461,58.649944167286,11.6725353267106,15.7895039663396,14.7048542045791,20.8145430615705,48,0,23629,2,0,0,8420,20970,29390,218391,226811,4.3,28.7,37.0,100.0,0.008464175377713826
../Data/Human_Diverse/SRR307903.graph,cleaned,1,0,0,0,989,10000,1,0,1,0.01,-1,0,-1,None,None,transcripts.gtf,../Results/resultsWP2.csv,None,1066.529,86268,40396,0,3.65124645532653,42.1276837326666,1.70973885808609,1.65856619721904,37.1241827792461,58.649944167286,11.686478859293,16.5520242714429,14.7048542045791,20.8145430615705,48,39,23629,2,0,0,11253,27039,38292,215558,226811,5.7,29.4,51.0,100.0,0.008464175377713826
../Data/Human_Diverse/SRR307903.graph,cleaned,1,0,0,0,989,10000,1,0,1,0.1,-1,0,-1,None,None,transcripts.gtf,../Results/resultsWP2.csv,None,500.884,86268,32080,0,3.65124645532653,42.1276837326666,1.35776865450544,1.3564494831544,37.1241827792461,58.649944167286,10.5012157107232,14.8558772907299,14.7048542045791,20.8145430615705,48,2,23629,2,0,0,6313,24213,30526,220498,226811,3.2,20.7,38.4,100.0,0.008464175377713826
../Data/Human_Diverse/SRR307903.graph,cleaned,1,0,0,0,989,10000,1,0,1,1,-1,0,-1,None,None,transcripts.gtf,../Results/resultsWP2.csv,None,177.999,86268,7025,0,3.65124645532653,42.1276837326666,0.297329326617852,0.524207103441281,37.1241827792461,58.649944167286,5.57807829181495,11.2075281813259,14.7048542045791,20.8145430615705,48,0,23629,2,0,0,443,6361,6804,226368,226811,0.2,6.5,3.0,88.4,0.008464175377713826
../Data/Human_Diverse/SRR307911.graph,cleaned,1,0,0,0,668,10000,1,0,-1,None,-1,0,-1,None,None,transcripts.gtf,../Results/resultsWP2.csv,None,1892.219,167989,61171,1,5.15683325147348,91.582359754662,1.87785111281658,2.0063980181514,23.6991216298646,20.158540410855,9.13467165813866,10.5792837800121,11.9286963995212,16.510043564898,108,108,32579,3,0,0,11733,44967,56700,215078,226811,5.9,20.7,65.8,100.0,0.009208385769974523
../Data/Human_Diverse/SRR307911.graph,cleaned,1,0,0,0,668,10000,1,0,0,0.01,-1,0,-1,None,None,transcripts.gtf,../Results/resultsWP2.csv,None,2387.436,167989,57646,1,5.15683325147348,91.582359754662,1.76963929393707,1.72851451423279,23.6991216298646,20.158540410855,8.81603233528779,10.4383448310693,11.9286963995212,16.510043564898,108,108,32579,3,0,0,11148,42386,53534,215663,226811,5.6,20.8,57.9,100.0,0.009208385769974523
../Data/Human_Diverse/SRR307911.graph,cleaned,1,0,0,0,668,10000,1,0,0,0.1,-1,0,-1,None,None,transcripts.gtf,../Results/resultsWP2.csv,None,2683.005,167989,57648,1,5.15683325147348,91.582359754662,1.76970069071374,1.72663906236996,23.6991216298646,20.158540410855,8.78802386899806,10.3260762005906,11.9286963995212,16.510043564898,108,108,32579,3,0,0,11186,42350,53536,215625,226811,5.7,20.9,57.8,100.0,0.009208385769974523
../Data/Human_Diverse/SRR307911.graph,cleaned,1,0,0,0,668,10000,1,0,0,1,-1,0,-1,None,None,transcripts.gtf,../Results/resultsWP2.csv,None,3302.237,167989,43335,1,5.15683325147348,91.582359754662,1.33031465848043,1.40589473633791,23.6991216298646,20.158540410855,9.20290758047767,10.4697760127812,11.9286963995212,16.510043564898,108,0,32579,3,0,0,7922,33151,41073,218889,226811,4.0,19.3,45.7,100.0,0.009208385769974523
../Data/Human_Diverse/SRR307911.graph,cleaned,1,0,0,0,668,10000,1,0,1,0.01,-1,0,-1,None,None,transcripts.gtf,../Results/resultsWP2.csv,None,1852.116,167989,59626,1,5.15683325147348,91.582359754662,1.8304221028396,1.94259145505374,23.6991216298646,20.158540410855,9.14319256700097,10.707478075618,11.9286963995212,16.510043564898,108,75,32579,3,0,0,10999,44333,55332,215812,226811,5.6,19.9,64.2,100.0,0.009208385769974523
../Data/Human_Diverse/SRR307911.graph,cleaned,1,0,0,0,668,10000,1,0,1,0.1,-1,0,-1,None,None,transcripts.gtf,../Results/resultsWP2.csv,None,708.22,167989,49883,0,5.15683325147348,91.582359754662,1.53128069744597,1.58995431347408,25.3606962360631,22.5756428544196,8.55876751598741,10.2692750652127,11.9286963995212,16.510043564898,108,6,32579,3,0,0,6828,39739,46567,219983,226811,3.5,14.7,50.0,100.0,0.009208385769974523
../Data/Human_Diverse/SRR307911.graph,cleaned,1,0,0,0,668,10000,1,0,1,1,-1,0,-1,None,None,transcripts.gtf,../Results/resultsWP2.csv,None,219.788,167989,9776,0,5.15683325147348,91.582359754662,0.300098231827112,0.524466316784538,25.3606962360631,22.5756428544196,5.09922258592471,7.26702079338035,11.9286963995212,16.510043564898,108,0,32579,3,0,0,530,8930,9460,226281,226811,0.3,5.6,3.7,77.8,0.009208385769974523
../Data/Human_Geauvadis_simulated/human_geuvadis_simulated_5sets.graph,cleaned,1,0,0,0,276,10000,0,-1,-1,None,-1,0,-1,None,None,transcripts.gtf,../Results/resultsWP2.csv,None,58.176,97597,0,0,4.48907593946921,34.7426725515295,0.0,0.0,15.2217588655389,10.6584405684593,None,None,17.8526746699784,20.5825297220564,20,0,21741,0,0,0,19219,71605,90824,97749,116968,17.8,21.2,100.0,100.0,0.0
../Data/Human_Leukemia_Real/human_leukemia_real_5sets.graph,cleaned,1,0,0,0,307,10000,0,-1,-1,None,-1,0,-1,None,None,transcripts.gtf,../Results/resultsWP2.csv,None,48.754,147295,0,0,17.3943079829948,229.479390461767,0.0,0.0,29.3573644726569,14.6308565996073,None,None,19.5097946660373,23.2903047767565,18,0,8474,6,0,0,4713,138225,142938,222098,226811,2.4,3.3,100.0,100.0,0.07080481472740147
../Data/Human_Diverse/SRR307903.graph,cleaned,1,0,0,0,989,10000,0,-1,-1,None,-1,0,-1,None,None,transcripts.gtf,../Results/resultsWP2.csv,None,57.647,86268,0,0,3.65124645532653,42.1276837326666,0.0,0.0,37.1241827792461,58.649944167286,None,None,14.7048542045791,20.8145430615705,48,0,23629,2,0,0,13130,67955,81085,213681,226811,6.7,16.2,100.0,100.0,0.008464175377713826
../Data/Human_Diverse/SRR307911.graph,cleaned,1,0,0,0,668,10000,0,-1,-1,None,-1,0,-1,None,None,transcripts.gtf,../Results/resultsWP2.csv,None,69.192,167989,0,0,5.15683325147348,91.582359754662,0.0,0.0,25.3606962360631,22.5756428544196,None,None,11.9286963995212,16.510043564898,108,0,32579,3,0,0,13315,144478,157793,213496,226811,6.7,8.4,100.0,100.0,0.009208385769974523
